palo_app;cp_app;cp_service
100bao;100bao;
1c-enterprise;1C Enterprise;
1und1-mail;;
24sevenoffice;24sevenoffice;
2ch;2ch-posting;
2ch-base;2ch-posting;
2ch-posting;2ch-posting;
360-safeguard-update;360 Safeguard;
3pc;;
4shared;4shared;
4sync;4Sync;
51.com;51.com;
51.com-mail;51.com-mail;
51.com-base;51.com-mail;
51.com-bbs;51.com-bbs;
51.com-posting;51.com-posting;
51.com-webdisk;51.com-webdisk;
51.com-music;51.com-music;
51.com-games;51.com-games;
7shifts;7shifts;
8x8;;
abb-network-manager;;
absolute-manage;Absolute Manage;
accellion;Accellion;
accelo;accelo;
access-grid;Access-Grid;
acronis-cloud-backup;Acronis TrueImage;
acronis-snapdeploy;Acronis Snap Deploy;
active-directory;Active Directory;
activenet;;
activesync;ActiveSync Protocol;
ad-selfservice;;
adnstream;ADNstream;
adobe-cloud;Adobe Document Cloud;
adobe-connect;Adobe Connect;
adobe-meeting;Adobe Connect-meeting;
adobe-meeting-desktop-sharing;Adobe Connect-meeting-screen sharing;
adobe-meeting-uploading;Adobe Connect-meeting-file sharing;
adobe-meeting-file-transfer;Adobe Connect-meeting-file sharing;
adobe-meeting-remote-control;Adobe Connect-meeting-remote control;
adobe-connectnow;;replacement of adobe connect 
adobe-connectnow-base;;
adobe-connectnow-file-transfer;;
adobe-connectnow-remote-control;;
adobe-cq;;
adobe-creative-cloud;Adobe Creative Cloud;
adobe-creative-cloud-base;Adobe Creative Cloud;
adobe-creative-cloud-uploading;Adobe Creative Cloud-file transfer;
adobe-echosign;EchoSign;
adobe-flash-socketpolicy-server;;
adobe-media-player;Adobe Flash-streaming;
adobe-online-office;Adobe Online Office;
adobe-update;Adobe Update;
adrive;ADrive;
aerofs;AeroFS;
aerospike;Aerospike;
afaria;Afaria;
afp;;
afreeca;Afreeca;
afs;;
afterschool;After School;
agiloft;Agiloft;
aim;AIM;
aim-base;AIM;
aim-video;AIM-video chat;
aim-audio;AIM-audio chat;
aim-file-transfer;AIM-file transfer;
aim-express;AIM Express;
aim-express-base;AIM Express;
aim-express-file-transfer;AIM Express-file transfer;
aim-mail;;
air-video;Air Video;
airaim;AirAIM;
airdroid;AirDroid;
airtime;Airtime;
airwatch;AirWatch Mobile Device Management;
akamai-client;Akamai NetSession Interface;
alfresco;Alfresco;
ali-wangwang;AliWangWang;
ali-wangwang-base;AliWangWang;
ali-wangwang-audio-video;AliWangWang-audio-video;
ali-wangwang-file-transfer;AliWangWang-file-transfer;
ali-wangwang-remote-control;AliWangWang-remote-control;
alisoft;Alisoft;
all-slots-casino;All Slots Online Casino;
allpeers;AllPeers;
alpemix;Alpemix;
alpha-anywhere;Alpha-anywhere;
altiris;Altiris;
amazon-aws-console;Amazon Web Services;
amazon-chime;;
amazon-cloud-drive;Amazon Cloud Drive;
amazon-cloud-drive-base;Amazon Cloud Drive;
amazon-cloud-drive-uploading;Amazon Cloud Drive-upload;
amazon-cloud-player;Amazon Cloud Player;
amazon-instant-video;Amazon Prime Video;
amazon-redshift;Amazon-redshift;
amazon-unbox;Amazon Unbox;
amazon-workspace;;
ameba-blog-posting;Ameba-blog-posting;
ameba-now;Ameba-now;
ameba-now-base;Ameba-now;
ameba-now-posting;Ameba-now-posting;
ammyy-admin;Ammyy Admin;
amqp;;
android-market;Google Play;
ants-p2p;Ants P2P;
any-0hop-protocol;;
anydesk;AnyDesk;
anyterm;;
aol-messageboard-posting;;
aol-proxy;;
apache-jserv;Apache-jserv;
apache-solr;Apache Solr;
apache-zookeeper;Apache ZooKeeper;
apc-powerchute;;
appcelerator;Appcelerator;
appdynamics;AppDynamics;
appguru;AppGuru;
apple-airplay;Apple AirPlay;
apple-airport;;
apple-appstore;App Store;
apple-game-center;Apple Game Center;
apple-location-service;Apple Location Service;
apple-maps;Apple Maps;
apple-push-notifications;Apple Push Notification Service;
apple-remote-desktop;Apple Remote Desktop;
apple-siri;Apple Siri;
apple-update;Apple Software Update;
apple-vpp;Apple Remote Desktop;
applejuice;Applejuice;
appogee;;
appointy;appointy;
apptivo;Apptivo CRM;
apt-get;Apt-get;
arcgis;ArcGIS;
arcserve;ARCserve D2D;
ares;Ares;
argus;;
ariel;;
aris;;
aruba-papi;;
as2;AS2;
asana;Asana;
asf-streaming;ASF Streaming;
ask.fm;ask.fm;
asproxy;ASProxy;
assembla;;
assembla-base;;
assembla-uploading;;
asterisk-iax;IAX2 Protocol;
asus-webstorage;Asus Webstorage;
atempo-tina;;
atlassian-bamboo-cloud;Bamboo Cloud;
atmail;atmail;
atom;Atom Publishing Protocol;
att-connect;ATT Connect;
att-locker;AT&T Locker;
att-office-at-hand;ATT Connect;
authentic8-silo;Silo;
autobahn;Autobahn;
autodesk360;Autodesk360;
autodesk360-base;Autodesk360;
autodesk360-uploading;AutoDesk360-upload;
avamar;;
avast-av-update;avast! Antivirus-update;
avaya-phone-ping;;
avaya-webalive; AvayaLive Engage;
avaya-webalive-base; AvayaLive Engage;
avaya-webalive-desktop-sharing;AvayaLive Engage-desktop sharing;
avaya-webalive-voice;AvayaLive Engage-voice;
avaya-webalive-file-transfer;AvayaLive Engage-file transfer;
avg-update;AVG-Update;
avid-isis;;
avira-antivir-update;Avira Antivir-update;
avocent;;
avocent-vsp;;
avoidr;Avoidr;
ax.25;;
axifile;AxiFile;
azureus;;
babelgum;Babelgum;
babylon;Babylon;
backblaze-backup;BackBlaze;
backpack-editing;BackPack;
backup-exec;Backup EXEC;
backweb;;
bacnet;BACNet Protocol (Building Automation and Control Networks);
bacnet-base;BACNet Protocol (Building Automation and Control Networks);
bacnet-ack-alarm;BACNet Protocol - AcknowledgeAlarm;
bacnet-confirmed-cov-notify;BACNet Protocol - Confirmed COV Notification;
bacnet-confirmed-event-notify;BACNet Protocol - Confirmed Event Notification;
bacnet-get-alarm-summary;BACNet Protocol - Get Alarm Summary;
bacnet-get-enrollment-summary;BACNet Protocol - Get Enrollment Summary;
bacnet-subscribe-cov;BACNet Protocol - Subscribe COV;
bacnet-atomic-read-file;BACNet Protocol - Atomic Read File;
bacnet-atomic-write-file;BACNet Protocol - Atomic Write File;
bacnet-add-list-element;BACNet Protocol - Add List Element;
bacnet-remove-list-element;BACNet Protocol - Remove List Element;
bacnet-create-object;BACNet Protocol - Create Object;
bacnet-delete-object;BACNet Protocol - Delete Object;
bacnet-read-property;BACNet Protocol - Read Property;
bacnet-read-prop-conditional;BACNet Protocol - Read Property Conditional;
bacnet-read-prop-multiple;BACNet Protocol - Read Property Multiple;
bacnet-write-property;BACNet Protocol - Write Property;
bacnet-write-prop-multiple;BACNet Protocol - Write Property Multiple;
bacnet-device-comm-control;BACNet Protocol - Device Communication Control;
bacnet-confirmed-private-xfer;BACNet Protocol - Confirmed Private Transfer;
bacnet-confirmed-text-message;BACNet Protocol - Confirmed Text Message;
bacnet-reinitialize-device;;
bacnet-vt-open;BACNet Protocol - VT Open;
bacnet-vt-close;BACNet Protocol - VT Close;
bacnet-vt-data;BACNet Protocol - VT Data;
bacnet-authenticate;BACNet Protocol - Authenticate;
bacnet-request-key;BACNet Protocol - Request Key;
bacnet-read-range;BACNet Protocol - Read Range;
bacnet-life-safety-operation;BACNet Protocol - Life Safety Operation;
bacnet-subscribe-cov-property;BACNet Protocol - Subscribe COV Property;
bacnet-get-event-information;BACNet Protocol - Get Event Information;
bacula;Bacula;
badongo;Badongo;
badoo;Badoo;
baidu-hi;Baidu Hi;
baidu-hi-base;Baidu Hi;
baidu-hi-audio-video;Baidu Hi-video chat,  Baidu Hi-voice chat;
baidu-hi-file-transfer;Baidu Hi-file transfer;
baidu-hi-games;Baidu Hi-games;
baidu-ime;Baidu IME;
baidu-webmessenger;Baidu Hi-web messenger;
baofeng;Baofeng;
barracuda-backup;;
base-crm;Base;
basecamp;Basecamp;
batchbook;Batchbook;
battle.net;Battle.Net;
battlefield2;Battlefield 2;
bbc-iplayer;BBC iPlayer;
bbcp;BBCP;
bbn-rcc-mon;;
beampro-telepresence;Beam;
beamyourscreen;BeamYourScreen;
beats-music;Beats Music;
bebo;Bebo;
bebo-mail;Bebo-mail;
bebo-base;Bebo;
bebo-posting;;
beinsync;BeInSync;
benchmark;Benchmark;
bet365;bet365;
bfcp;BFCP;
bfd;BFD Protocol;
bgp;BGP Protocol;
big-brother;Big Brother Professional Edition - BBPE;
bigupload;bigupload;
bime;BIME;
bing-maps;Bing Maps;
bit9-parity;Bit9 Security Platform;
bitbucket;Bitbucket;
bitbucket-base;Bitbucket;
bitbucket-uploading;Bitbucket-upload;
bitcasa;Bitcasa;
bitcoin;Bitcoin;
bitdefender;Bitdefender;
bitrix24;;
bittorrent;BitTorrent Protocol;
bittorrent-sync;BitTorrent Sync;
bkper;;
blackberry;;
blackboard;Blackboard;
blin;;
blog-posting;;
blogger-blog-posting;Blogger-blog posting;
blokus;Blokus;
bloomberg-professional;Bloomberg professional;
bluecoat-adn;;
bluecoat-auth-agent;;
bluejeans;BlueJeans;
bmc-bco-best1;;
bna;;
boldchat-logmein;;
bomberclone;BomberClone;
bomgar;Bomgar;
bonpoo;bonpoo;
boomerang;;
bosch-rcp-plus;;
boxnet;Box;
boxnet-sharing;Box-web file sharing;
boxnet-base;Box;
boxnet-editing;Box-editing;
boxnet-consumer-access;;
boxnet-enterprise-access;;
boxnet-downloading;Box-download;
boxnet-uploading;;
br-sat-mon;;
brass;;
brightcloud;BrightCloud;
brightcove;BrightCove;
brighttalk;Brighttalk;
browsec;Browsec;
bubbly;Bubbly;
buddybuddy;;
buddybuddy-base;;
buddybuddy-file-transfer;;
bugzilla;Bugzilla;
buzzsaw;Autodesk Buzzsaw;
bypass;;
bypassthat;BypassThat;
c9-trader;;
ca-mq-service;;
ca-nimsoft-monitor;;
ca-sdm;;
caihong;Caihong;
cakehr;cakeHR;
calameo;Calameo;
call-of-duty;Call of Duty;
callidus;;
callpilot;;
camfrog;Camfrog Video Chat;
camo-proxy;;
camos;;
campfire;CampFireNow;
canon-bjnp;;
canvas;Canvas;
capsule;;
capwap;CAPWAP;
carbonite;Carbonite;
carefx;;
carestream;;
cassandra;Cassandra;
cbs-video;CBS-video;
cbt;;
cddb;CDDB Protocol;
cellcrypt;;
celoxis;;
centreli;;
centriccrm;;
centurion;Centurion;
cerner;;
certeon-acelera;;
certify;Certify;
cftp;;
cgi-irc;CGI:IRC;
cgiproxy; CGI-Proxy;
channel4;;
chaos;;
chargen;CHARGEN Protocol;
chatango;Chatango;
chaton;ChatON;
chatroulette;Chatroulette;
checkpoint-client-auth;;
checkpoint-cpd;;
checkpoint-cpmi;;
checkpoint-logging;;
checkpoint-rdp;Check Point RDP Protocol;
checkpoint-vpn;Check Point IPsec VPN services;
chikka-messenger;Chikka-messenger;
chinaren;Chinaren;
chinaren-mail;Chinaren-mail;
chinaren-chat;;
chinaren-base;chinaren;
chinaren-apps;Chinaren-apps;
chinaren-posting;Chinaren-posting;
chrome-remote-desktop;Chrome Remote Desktop;
cinemagram;Cinemagram;
cip-ethernet-ip;;
circumventor;;
cisco-drp;;
cisco-nac;;
cisco-rtmt;;
cisco-spark;;
cisco-spark-base;;
cisco-spark-file-transfer;;
cisco-spark-audio-video;;
cisco-wlc-mobility;;
cisco-wlc-rrm;;
ciscovpn;Cisco VPN IPSec;
citrix;Citrix;
citrix-jedi;Citrix JEDI protocol;
citrix-license-server;;
citrix-provisioning;;
citrix-xenmobile;;
clarizen;Clarizen;
classmates;Classmates;
clearslide;ClearSlide;
clearspace;;
clicktools;Clicktools;
clickview;;
clip2net;Clip2Net;
close.io;;
cloud9;Cloud9;
cloudapp;Cloudapp;
cloudapp-base;Cloudapp;
cloudapp-uploading;Cloudapp-upload;
cloudcherry;;
cloudforge;CloudForge;
cloudforge-base;CloudForge;
cloudforge-uploading;;
cloudinary;;
cloudinary-uploading;;
cloudinary-base;;
cloudmark-desktop;Cloudmark;
cloudon;CloudOn;
cloudshare;Cloudshare;
cloudsigma;CloudSigma;
cloudup;Cloudup;
clubbox;Clubbox;
clubcooee;Club Cooee;
cnn-video;CNN-video;
coinbase;;
collectd;collectd;
comcast-webmail;Comcast WebMail;
commvault;;
compaq-peer;;
compass;Compass;
computrace;;
concur;Concur;
concur-editing;Concur-editing;
concur-downloading;Concur-download;
concur-uploading;Concur-upload;
concur-base;Concur;
condor;HTCondor;
confluence;Confluence;
confluence-posting;;
confluence-editing;;
confluence-sharing;;
confluence-uploading;Confluence-upload;
confluence-downloading;Confluence-download;
confluence-base;Confluence;
constant-contact;Constant Contact;
convo;Convo;
convo-chat;Convo-chat;
convo-base;Convo;
convo-uploading;Convo-upload;
convoq;;
cooltalk;;
coralcdn-user;Coralcdn;
corba;CORBA/GIOP Protocol;
cotap;Cotap;
cotp;COTP;
couchbase-server;Couchbase;
cox-webmail;Cox WebMail;
cphb;;
cpnx;;
cpq-wbem;;
crashplan;Crashplan;
crossloop;CrossLoop;
crtp;;
crudp;;
cryptocat;Cryptocat;
cubby;Cubby;
cubrid;CUBRID;
cups;;
cvs;;
cvsup;CVSup;
cyber-ark-vault;;
cyberghost-vpn;CyberGhost VPN;
cygnet-scada;Cygnet;
cylance;Cylance;
cyph;cyph;
cyph-audio-video;cyph-video;
cyph-base;cyph;
cyph-file-transfer;cyph-file transfer;
cyworld;Cyworld;
d2d-data-transfer;;
daap;DAAP;
dabbledb;Dabble DB;
dailymotion;DailyMotion;
dameware-mini-remote;Dameware-mini remote control Protocol;
dapulse;Dapulse;
data-bin;Datadeliver;
datadog;;
datto-backupify;datto-backupify;
daum;Daum;
daum-mail;Daum Mail;
daum-blog-posting;Daum-blog posting;
daum-cafe-posting;Daum-Cafe Posting;
daum-cloud;Daum-cloud;
daum-mypeople;;
daum-touch;;
daum-tvpot;Daum tvpot;
daytime;Daytime Protocol;
dazhihui;;
db2;DB2;
dc-universe-online;DC Universe Online;
dcc-antispam;DCC-spam filter;
dccp;;
dcinside;Dcinside;
dcinside-base;Dcinside;
dcinside-posting;Dcinside-posting;
dclink;;
dcn-meas;;
ddp;;
ddx;;
dealio-toolbar;Dealio Toolbar;
deezer;Deezer;
dell-drac;Dell-DRAC;
dell-update;;
dell-wyse-device-manager;;
demonsaw;Demonsaw;
depositfiles;Deposit Files;
deskmetrics;DeskMetrics;
desknets;Desknet's;
deskshare;;
desktoptwo;;
dfs;;
dgp;;
dhcp;;bootp
dhcpv6;;
dhl-easylog;;
dialpad;Dialpad;
diameter;Diameter Protocol;
diameter-base;Diameter Protocol;
diameter-over-sctp;;
dicom;DICOM Protocol;
digg-posting;Digg-posting;
diino;Diino;
dimdim;Dimdim;
diodeo;Diodeo;
direct-connect;Direct Connect;
directv;DIRECTV;
discard;Discard;
discord;Discord;
disqus;Disqus;
distcc;distcc;
divshare;DivShare;
dl-free;;
dlms;;
dnf;DNF;
dnp3;DNP3 Protocol;
dnp3-base;DNP3 Protocol;
dnp3-write;DNP3 Protocol - write;
dnp3-read;DNP3 Protocol - read;
dnp3-operate;DNP3 Protocol - operate;
dnp3-direct-operate;DNP3 Protocol - direct operate;
dnp3-confirm;DNP3 Protocol - confirm;
dnp3-record-current-time;DNP3 Protocol - record current time;
dnp3-open-file;DNP3 Protocol - open file;
dnp3-close-file;DNP3 Protocol - close file;
dnp3-delete-file;DNP3 Protocol - delete file;
dnp3-get-file-information;DNP3 Protocol - get file info;
dnp3-authenticate-file;DNP3 Protocol - authenticate file;
dnp3-abort-file;DNP3 Protocol - abort file;
dnp3-freeze-at-time;DNP3 Protocol - freeze with time;
dnp3-freeze-at-time-no-resp;DNP3 Protocol - freeze with time without ack;
dnp3-cold-restart;DNP3 Protocol - cold restart;
dnp3-warm-restart;DNP3 Protocol - warm restart;
dnp3-initialize-data;DNP3 Protocol - initialize data to defaults;
dnp3-initialize-application;DNP3 Protocol - initialize application;
dnp3-select;DNP3 Protocol - select;
dnp3-direct-operate-no-resp;DNP3 Protocol - direct operate without ack;
dnp3-freeze;;
dnp3-freeze-no-resp;;
dnp3-freeze-clear-no-resp;DNP3 Protocol - freeze and clear without ack;
dnp3-start-application;DNP3 Protocol - start application;
dnp3-stop-application;DNP3 Protocol - stop application;
dnp3-save-configuration;DNP3 Protocol - save configuration;
dnp3-enable-unsolicited;DNP3 Protocol - enable unsolicited messages;
dnp3-disable-unsolicited;DNP3 Protocol - disable unsolicited messages;
dnp3-assign-class;DNP3 Protocol - assign class;
dnp3-delay-measurement;DNP3 Protocol - delay measurement;
dnp3-freeze-clear;DNP3 Protocol - freeze and clear;
dns;;domain-tcp,domain-udp
dnscrypt;DNSCrypt;
dobimigrate;;
dochub;DocHub;
dochub-base;DocHub;
dochub-uploading;DocHub-upload;
docstoc;Docstoc;
docstoc-base;Docstoc;
docstoc-uploading;Docstoc-upload;
docusign;DocuSign;
docusign-consumer-access;;
docusign-enterprise-access;;
docusign-editing;;
docusign-downloading;;
docusign-uploading;;
docusign-base;DocuSign;
docuware;;
dontcensorme;;
doof;Doof;
doshow;Doshow;
dostupest;Dostupest;
dotmac;;
dotvpn;DotVPN;
double-take-availability;;
draugiem;Draugiem;
draw.io;;
draw.io-base;;
draw.io-cloud;;
drda;DRDA;
drivehq;DriveHQ;
droidvpn;DroidVPN;
drop.io;drop.io;
dropboks;DropBoks;
dropbox;Dropbox;
dropbox-paper;Dropbox paper;
dropbox-sharing;Dropbox-web-file sharing;
dropbox-editing;Dropbox-web-editing;
dropbox-posting;;
dropbox-lansync-discovery;;
dropbox-downloading;Dropbox-web download;
dropbox-uploading;Dropbox-web upload;
dropbox-base;Dropbox;
dropcam;;
droplr;Droplr;
dropsend;DropSend;
druva-insync;Druva InSync;
druva-phoenix;;
dsr;;
dtls;DTLS Protocol;
duosecurity;;
dynamicintranet;DynamicIntranet;
dynatrace-app-monitoring;Dynatrace;
e-signlive;e-SignLive;
ea-fifa;;
earthcam;earthcam;
easy-share;Easy-Share;
eatlime;EatLime;
ebay-desktop;Ebay Desktop;
ebuddy;eBuddy;
echo;Echo;
echoware;Echoware;
ecount-erp;;
editgrid;EditGrid;
efolder;eFolder Backup;
efriend;eFriend;
egloos-blog-posting;Egloos-blog-posting;
egnyte;Egnyte;
egnyte-editing;;
egnyte-sharing;Egnyte-file sharing;
egnyte-posting;;
egnyte-downloading;Egnyte-download;
egnyte-uploading;Egnyte-upload;
egnyte-base;Egnyte;
egp;;
eigrp;;
eiq-sec-analyzer;;
eklogin;Eklogin;
elastic-search;Elasticsearch;
elcom-90;ELCOM 90 protocol;
electric-commander;;
elluminate;Elluminate;
emc-data-domain;;
emc-documentum-webtop;;
emc-networker;EMC NetWorker;
emc-recoverpoint;;
emc-smartpackets;;
emcon;;
emule;eMule;
encap;;
endnote;EndNote;
engineyard;EngineYard;
enhanced-file-transfer;Globalscape - EFT;
epeachtree;ePeachtree;
epic;;
epmd;;
ericom-connect;Ericom Connect;
eroom-host;;
eroom-net;eRoom;
erpag;;
eset-remote-admin;ESET Remote Administrator;
eset-update;ESET smart security-update;
esignal;;
esnips;eSnips;
espn-go;ESPN Player-streaming;
estos-procall;;
etelos-crm;;
etherip;;
evalesco-sysorb;SysOrb;
evault;EVault;
eve-online;EVE Online;
eventbrite;Eventbrite;
evercontact;Evercontact;
evernote;Evernote;
evernote-editing;Evernote-editing;
evernote-sharing;Evernote-sharing;
evernote-posting;Evernote-posting;
evernote-base;Evernote;
evernote-uploading;Evernote-upload;
evernote-downloading;Evernote-download;
evony;Evony;
exacqvision;;
exp;;
eyejot;Eyejot;
ezhelp;ezHelp;
ezpeer;ezPeer;
f-secure-updater;;
facebook;Facebook;
facebook-chat;Facebook-chat;
facebook-code;Facebook-code;
facebook-rooms;;
facebook-social-plugin;Facebook Social Plugins;
facebook-base;Facebook;
facebook-apps;Facebook Apps;
facebook-posting;Facebook-posting;
facebook-voice;;
facebook-file-sharing;Facebook-file sharing;
facebook-video;Facebook-video;
facebook-mail;;
facetime;Facetime;
factset;FactSet;
fanuc-focas;;
fasp;FASP Protocol;
fastmail;Fastmail;
fasttrack;Kazaa Media Desktop;
fastviewer;FastViewer;
fc2-blog-posting;FC2-blog-posting;
fcc-speed-test;FCC Speed Test;
fcip;FCIP (Fibre Channel over IP);
feidian;;
fetch.io;;
fetion;Fetion;
fetion-base;Fetion;
fetion-audio-video;Fetion-audio-video;
fetion-file-transfer;Fetion-file-transfer;
fibre-channel;;
file-host;FilesHost;
fileapp;FileApp;
filecatalyst-direct;FileCatalyst Direct;
filedropper;FileDropper;
fileguri;Fileguri;
filemail;Filemail;
filemaker-anouncement;;
filemaker-pro;FileMaker Pro;
filer.cx;Filer.cx;
files.to;Files.to;
filesanywhere;FilesAnywhere;
fileserve;FileServe;
filesonic;FileSonic;
filestack;Filestack;
filestack-base;Filestack;
filestack-uploading;Filestack-upload;
filestack-downloading;Filestack-download;
filestube;Filestube;
fileswire;Files Wire;
finch;Finch;
finger;Finger protocol;
fire;Fire;
firefox-hello;Firefox-hello;
firefox-send;;
firefox-update;Firefox-update;
firephoenix;FirePhoenix;
firstclass;FirstClass;
fix;FIX protocol;
flash;Adobe Flash;
flashget;FlashGet;
flexnet-installanywhere;;
flexnet-publisher;FlexNet Publisher;
flickr;Flickr;
flickr-base;Flickr;
flickr-uploading;Flickr-upload;
flixster;Flixster;
flixwagon;Flixwagon;
flixwagon-sharing;;
flixwagon-posting;Flixwagon-posting;
flixwagon-base;Flixwagon;
flixwagon-broadcasting;Flixwagon-broadcast;
flixwagon-downloading;Flixwagon-download;
flock;;
fluentstream;;
flumotion;Flumotion;
fluxiom;Fluxiom;
fly-proxy;FlyProxy;
fogbugz;Fogbugz;
foldera;;
foldershare;;
folding-at-home;Folding at Home;
foonz;Foonz;
forticlient-update;FortiClient-update;
fortiguard-webfilter;;
fortnite;;
forward;Forward;
fotki;Fotki;
fotoweb;FotoWeb;
foursquare;Foursquare;
foxt-boks-servercontrol;;
foxy;Foxy;
freecast;FreeCast;
freedome;Freedome;
freeetv;FreeeTV;
freegate;FreeGate;
freenet;Freenet;
freepp-mobile;FreePP;
freshbooks;FreshBooks;
freshdesk;Freshdesk;
freshsales;Freshsales;
friendfeed;Friend Feed;
friendster;Friendster;
friendvox;;
fring;Fring;
front;Front;
frozenway;FrozenWay;
fs2you;fs2you;
ftp;;ftp
fufox;FuFox;
functionfox;;
funshion;Funshion;
fuze-meeting;Fuze Meeting;
fuze-meeting-base;Fuze Meeting;
fuze-meeting-desktop-sharing;Fuze Meeting-desktop-sharing;
fuze-meeting-file-sharing;Fuze Meeting-file sharing;
g.ho.st;;
gadu-gadu;Gadu-Gadu;
gamespy;GameSpy;
garena;Garena;
gat;;
gatherplace;GatherPlace;
gatherplace-base;GatherPlace;
gatherplace-desktop-sharing;GatherPlace-desktop sharing;
gbridge;Gbridge;
gdbremote;GDB remote;
gds-db;GDS-DB;
ge-egd;;
ge-historian;;
generic-p2p;;
genesys;InterCall Unified Meeting;
genesys-interaction-server;;
genesys-desktop-sharing;InterCall Unified Meeting - desktop sharing;
genesys-base;InterCall Unified Meeting;
ggp;;ggp
ghostsurf;;
gifboom;GifBoom;
gigaup;Gigaup;
git;git;
git-base;git;
git-uploading;git-upload;
github;GitHub;
github-base;GitHub;
github-downloading;GitHub-download;
github-editing;GitHub-editing;
github-posting;GitHub-posting;
github-uploading;GitHub-upload;
gitlab;GitLab;
gitlab-base;GitLab;
gitlab-uploading;GitLab-upload;
gizmo;Gizmo5;
gkrellm;;
glassdoor;;
glassdoor-base;;
glassdoor-posting;;
glassdoor-editing;;
glassdoor-downloading;;
glassdoor-uploading;;
glide;Glide - Video Texting;
glip;Glip;
globalmeet;;
globalmeet-base;;
globalmeet-file-transfer;;
glype-proxy;glype proxy;
gmail;Gmail;
gmail-posting;Gmail-posting;
gmail-downloading;Gmail-file transfer-download;
gmail-uploading;Gmail-file transfer-upload;
gmail-base;Gmail;
gmail-enterprise;Gmail-enterprise;
gmail-chat;Gmail-chat;
gmail-call-phone;;
gmail-video-chat;;
gmail-drive;Gmail-drive;
gmtp;;
gmx-mail;GMX;
gnu-httptunnel;GNU-httptunnel;
gnunet;GNUnet;
gnutella;Gnutella Protocol;
goagent;;
goboogy;;
gogobox;Gogobox;
gomeetnow;GoMeetNow;
good-direct-connect;Direct Connect;
good-for-enterprise;Good for Enterprise;
gooddata;GoodData;
goodsync;GoodSync;
google-analytics;Google Analytics;
google-app-engine;Google App Engine;
google-app-engine-uploading;Google App Engine-upload;
google-base;Google Search;
google-buzz;;
google-cache;Google Cache;
google-calendar;Google Calendar;
google-calendar-base;Google Calendar;
google-calendar-enterprise;Google Calendar-enterprise;
google-calendar-posting;;
google-classroom;;
google-cloud-messaging;;
google-cloud-print;Google Cloud Print;
google-cloud-storage;;
google-cloud-storage-sharing;;
google-cloud-storage-editing;;
google-cloud-storage-base;Google Cloud Platform;
google-cloud-storage-download;Google Cloud Platform-download;
google-cloud-storage-upload;Google Cloud Platform-upload;
google-desktop;Google Desktop;
google-docs;Google Docs;
google-docs-editing;Google Docs-editing;
google-docs-sharing;Google Docs-file sharing;
google-docs-posting;Google Docs-posting;
google-docs-base;Google Docs;
google-docs-enterprise;Google Docs-enterprise;
google-docs-uploading;Google Docs-upload;
google-docs-downloading;Google Docs-download;
google-drive-web;Google Drive-web;
google-duo;Google-duo;
google-earth;Google Earth;
google-expeditions;;
google-finance-posting;Google Finance-posting;
google-hangouts;Hangouts;
google-hangouts-chat;Hangouts-chat;
google-hangouts-base;Hangouts;
google-hangouts-audio-video;Hangouts-audio-video;
google-keep;Google Keep;
google-lively;;
google-location-service;Google Location Service;
google-maps;Google Maps;
google-meet;;
google-music;Google Music;
google-photos;Google Photos;
google-picasa;Picasa;
google-play;Google Play;
google-plus;Google Plus;
google-plus-base;Google Plus;
google-plus-posting;Google Plus-posting;
google-plus-email;;
google-safebrowsing;Google Safe Browsing;
google-spaces;;
google-spaces-base;;
google-spaces-posting;;
google-talk;Google Talk;
google-talk-base;Google Talk;
gtalk-voice;Google Talk-voice chat;
gtalk-file-transfer;Google Talk-file transfer;
google-talk-gadget;Google Talk Gadget;
google-toolbar;Google Toolbar;
google-translate;Google Translate;
google-translate-base;Google Translate;
google-translate-auto;;
google-translate-manual;;
google-update;;
google-video;Google Video;
google-video-base;Google Video;
google-video-enterprise;Google Video-enterprise;
google-voice-actions;Google Talk Gadget;
google-wave;;
gopher;Gopher Protocol;
gotoassist;GoToAssist;
gotodevice;;
gotomeeting;GoToMeeting/GoToWebinar;
gotomypc;GoToMyPC (Remote Desktop);
gotomypc-file-transfer;GoToMyPC-file transfer;
gotomypc-base;GoToMyPC (Remote Desktop);
gotomypc-printing;GoToMyPC-printing;
gotomypc-desktop-sharing;GoToMyPC-desktop sharing;
gotomypc-remote-control;GoToMyPC-remote control;
gotowebinar;;
gotowebinar-base;;
gotowebinar-uploading;;
gotowebinar-downloading;;
goverlan;Goverlan;
gpass;;
gpass-proxy;gpass proxy;
gqueues;;
graboid-video;Graboid Video;
gre;;gre
gridftp;GridFTP;
groove-music;Groove Music;
grooveshark;grooveshark;
groupmax;;
groupwise;;
gtp;GTP Protocol;
gtp-base;GTP Protocol;
gtpv0;;
gtp-u;;
gtpv1-c;;
gtpv2-c;;
gtp-prime;GTP Prime Protocol;
gtunnel;;
guardster;Guardster;
guildwars;Guild Wars;
gyao;Gyao;
h.225;;
h.245;H.245 Protocol;
h.248;H.248;
h.323;H.323 Protocol;
hadoop;Hadoop;
hbase;Hadoop-hbase;
hadoop-mapreduce;Hadoop-mapreduce;
hdfs;Hadoop-hdfs;
hamachi;Hamachi;
hamicloud;Hami Cloud;
hangame;hangame;
hbo;HBO;
heroix-longitude;;
hexatech-vpn;Hexatech VPN;
hi5;Hi5;
highrise;Highrise;
hightail;Hightail;
hightail-base;Hightail;
hightail-uploading;Hightail-upload;
hinet-webmail;HiNet webmail;
hip;HIP;
hipchat;HipChat;
hipchat-file-transfer;HipChat-file sharing;
hipchat-posting;;
hipchat-editing;HipChat-editing;
hipchat-sharing;HipChat-file sharing;
hipchat-base;HipChat;
hipchat-downloading;HipChat-download;
hipchat-uploading;HipChat-upload;
hipchat-audio-video;;
hitachi-spc;;
hl7;HL7;
hmp;;
hola-unblocker;Hola;
homepipe;homepipe;
hong-kong-toolbar;Hong Kong Toolbar;
hootsuite;HootSuite;
hootsuite-posting;;
hootsuite-sharing;;
hootsuite-uploading;;
hootsuite-base;HootSuite;
hopopt;;
hopster;;
horde;Horde;
hosproxy;;
host;;
hotfile;Hotfile;
hotline;Hotline Connect;
hotmail;Microsoft Outlook-web;
hotspot-shield;Hotspot Shield;
hovrs;;
howardforums-posting;HowardForums-posting;
hp-data-protector;HP Data Protector;
hp-eprint-service;HP ePrint Service;
hp-ilo;HP-iLO;
hp-jetdirect;;
hp-rgs;;
hp-update;HP Update;
hp-virtual-rooms;HP Virtual Rooms;
hsrp;Hot Standby Router Protocol (HSRP);
http-audio;HTTP Audio;
http-nsri;;
http-proxy;;http_proxy
http-tunnel;;
http-video;HTTP Video;
httport;;
huawei-dbank;DBank;
hubspot;HubSpot;
huddle;Huddle;
huddle-base;Huddle;
huddle-uploading;Huddle-upload;
hulft;HULFT;
hulu;Hulu;
hulu-posting;Hulu-posting;
hulu-base;Hulu;
hushmail;Hushmail;
hyves;Hyves;
hyves-mail;Hyves-mail;
hyves-chat;Hyves-chat;
hyves-base;Hyves;
hyves-music;Hyves-music;
hyves-games;Hyves-games;
i-nlsp;;
i2p;I2P;
iatp;;
ibackup;;
ibm-bigfix;IBM BigFix;
ibm-clearcase;;
ibm-clearquest;;
ibm-connect-direct;;
ibm-control-center;;
ibm-director;;
ibm-mobile-connect;;
ibm-rmc;;
ibm-soliddb;;
ibm-websphere-mq;;
icap;;icap
iccp;ICCP (IEC 60870-6/TASE.2);
iccp-base;;
iccp-read;;
iccp-define-named-type;;
iccp-define-named-variable;;
iccp-define-named-variable-list;;
iccp-define-scattered-access;;
iccp-define-semaphore;;
iccp-delete-named-type;;
iccp-delete-named-variable-list;;
iccp-delete-semaphore;;
iccp-delete-variable-access;;
iccp-download-segment;;
iccp-get-named-type-attr;;
iccp-get-named-var-list-attr;;
iccp-get-name-list;;
iccp-get-scattered-access-attr;;
iccp-get-variable-access-attr;;
iccp-identity;;
iccp-initiate-download-seq;;
iccp-initiate-upload-seq;;
iccp-input;;
iccp-output;;
iccp-relinquish-control;;
iccp-rename;;
iccp-report-pool-sem-status;;
iccp-report-semaphore-status;;
iccp-report-sem-entry-status;;
iccp-status;;
iccp-take-control;;
iccp-terminate-download-seq;;
iccp-write;;
icecast;Icecast;
ichat-av;iChat;
icloud;iCloud;
icloud-mail;iCloud-email;
icloud-base;;
icmp;;icmp-proto
icmpsh;ICMP Shell;
icq;ICQ;
icq2go;ICQ2Go;
idpr;;
idpr-cmtp;;
idrp;;
iec-60870-5-104;IEC 60870-5-104;
iec-60870-5-104-base;;
104asdu-process-monitor;IEC 60870-5-104 - Process Monitoring;
104asdu-process-control;IEC 60870-5-104 - Process Control;
104asdu-system-monitor;IEC 60870-5-104 - System Monitoring;
104asdu-system-control;IEC 60870-5-104 - System Control;
104asdu-param-control;IEC 60870-5-104 - Parameter Control;
104apci-supervisory;;
104apci-unnumbered;IEC 60870-5-104 - Unnumbered Control Functions;
104asdu-file-transfer;;
ieee-c37.118-synchrophasor;;
ifile.it;iFile.it;
ifix;;
ifmp;;
ifolder;iFolder;
igel;;
igloo-software;Igloo;
igmp;;
igp;;
iheartradio;iheartradio;
il;;
ilohamail;IlohaMail;
iloveim;ILoveIM;
im-plus;IM Plus-mobile;
imagenow;;
imap;;imap
imeem;;
imeet;iMeet;
imeet-base;;
imeet-file-transfer;iMeet-file transfer;
imesh;;
imgur;imgur;
imgur-uploading;imgur-upload;
imgur-base;;
imhaha;;
imo;Imo IM;
imvu;IMVU;
infoblox-grid;;
infoprint;;
infor-erp-ln;;
inforeach;;
informatica-cloud;;
informix;Informix;
infront;INFRONT;
innovative;;
insightly-crm;Insightly CRM;
instagram;Instagram;
instagram-base;;
instagram-upload;Instagram-upload;
instan-t;Instan-t;
instan-t-base;;
instan-t-file-transfer;Instan-t-file transfer;
instan-t-webmessenger;IM2 Instant Messenger;
intacct;Intacct;
intercall;;
intersystems-cache;InterSystems-Cache;
intuit-quickbase;;
ip-in-ip;;
ip-messenger;IP Messenger;
ip-messenger-base;;
ip-messenger-file-transfer;;
ipcomp;;
ipcv;;
iperf;Iperf;
ipip;;
iplt;;
ipp;;
ippc;;
ipsec;;ipsec
ipsec-ah;;AH
ike;;IKE, IKE_tcp
ipsec-esp;;ESP
ipsec-esp-udp;;
ipv6;;
ipv6-frag;;
ipv6-icmp;;
ipv6-nonxt;;
ipv6-opts;;
ipv6-route;;
ipvanish;;
ipx-in-ip;;
iqiyi;iQIYI;
irc;IRC Protocol;
irc-dcc-chat;IRC Protocol-dcc chat;
irc-dcc-whiteboard;IRC Protocol-dcc whiteboard;
irc-base;;
irc-dcc-file-transfer;IRC Protocol-dcc file transfer;
irods;iRODS;
ironmountain-connected;Connected Backup;
irtp;;
isatap;;
iscsi;;
isilon-synciq;;
isis;;
isl-light;ISL Light;
iso-8583;;
iso-ip;;
iso-tp4;;
issuu;Issuu;
issuu-base;;
issuu-uploading;;
italkbb-chinese-tv;;
itunes;iTunes;
itunes-appstore;;
itunes-base;;
itunes-mediastore;;
itv-player;ITV;
itwin;;
ixload;;
jabber;;jabber
jamf;;
jango;Jango;
jap;Jap;
jaspersoft;Jaspersoft;
java-update;Java Update;
jdi-onlinebackupstorage;JDI Backup;
jenkins;Jenkins;
jepptech-updates;;
jira;Jira;
jira-editing;;
jira-posting;Jira-posting;
jira-downloading;;
jira-uploading;;
jira-base;;
jmux;;
jnet;;
jobvite;;
join-me;JoinMe;
join-me-base;;
join-me-file-transfer;;
joost;Joost;
jotspot-editing;;
jubii;Jubii;
jumpdesktop;Jump Desktop;
jumpshare;jumpshare;
jumpshare-base;;
jumpshare-uploading;;
jungledisk;Jungle Disk;
juniper-nsm;;
justin.tv;Justin.tv;
jxta;;
kace;;
kaixin;;
kaixin-mail;;
kaixin-chat;;
kaixin-base;;
kaixin001;Kaixin001;
kaixin001-base;;
kaixin001-mail;;
kakaotalk;KakaoTalk;
kakaotalk-audio-chat;KakaoTalk-audio-chat;
kakaotalk-base;;
kakaotalk-file-transfer;KakaoTalk-file-transfer;
kanban-tool;Kanban Tool;
kaseya;Kaseya;
kaspersky;Kaspersky Lab-update;
kaspersky-netagent;Kaspersky Lab-update;
kazaa;Kazaa Media Desktop;
keek;Keek;
kerberos;;Kerberos_v5_TCP
kerio-vpn;Kerio VPN;
keyholetv;KeyHoleTV;
khan-academy;;
kik;Kik;
kino;Kino;
kiwoom-hts;;
kkbox;;
klogin;Klogin;
knight-online;Knight Online;
kontiki;;
koolim;Kool IM;
korea-webmail;KOREA-webmail;
kproxy;Kproxy;
kryptolan;;
kt-ucloud;ucloud;
ku6;ku6;
kugoo;Kugou;
kugou;Kugou;
l2tp;Layer 2 Tunneling Protocol;
labnol-proxy;labnol-proxy;
laconica;;
laiwang;Laiwang;
laiwang-base;;
laiwang-file-transfer;;
lan;;
landesk;LANDesk;
landesk-inventory;;
landesk-base;;
lanschool;Lanschool;
lantern;;
larp;;
last.fm;Last FM;
lastpass;LastPass;
lawson-m3;;
ldap;;ldap,ldap-udp
leaf-1;;
leaf-2;;
league-of-legends;League Of Legends;
leapfile;LeapFile;
learnosity;;
letv;Letv;
lexmark-hbn3;;
lg-uplus-neturo;;
libero-video;Libero Video;
lifecam;;
lifesize;lifesize;
limelight;Limelight Networks;
lineage;Lineage;
linkedin;LinkedIn;
linkedin-intro;;
linkedin-mail;Linkedin-Messaging;
linkedin-apps;;
linkedin-base;;
linkedin-posting;LinkedIn-posting;
litecoin;Litecoin;
little-fighter;Little Fighter 2;
live-meeting;;
live-mesh;Windows Live Mesh;
live-mesh-base;;
live-mesh-sync;;
live-mesh-remote-desktop;;
live365;live365;
livejournal;LiveJournal;
livelink;LiveLinks;
livenewschat;LiveNewsChat;
liveperson;LivePerson;
livestation;Livestation;
livestream;Livestream;
llmnr;LLMNR Protocol;
localtunnel;localtunnel;
logentries;Logentries;
logitech-webcam;;
loglogic;;
logmein;LogMeIn;
logmeinrescue;LogMeIn rescue;
lokalisten;lokalisten;
lookout;Lookout;
lotus-notes;;IBM Lotus Notes and Domino
lotus-notes-admin;;
lotus-notes-base;;
lotus-sametime;Lotus Sametime Unyte;
lotuslive;LotusLive;
lotuslive-inotes;;
lotuslive-meeting;LotusLive-meeting;
lotuslive-meeting-apps-sharing;;
lotuslive-base;;
lotuslive-meeting-file-sharing;;
lotuslive-file-sharing;LotusLive-file sharing;
lpd;LPD;
lrs-output-management;;
lsi-raid-management;;
lucidpress;Lucidpress;
lucidpress-base;;
lucidpress-editing;Lucidpress-editing;
lwapp;;
m3ua;;
mabber;;
magfs;MagFS;
magicjack;;
magister;Magister;
mail.com;Mail.com;
mail.ru;Mail.ru;
mail.ru-mail;Mail.ru-mail;
mail.ru-moimir;Mail.ru-moimir;
mail.ru-base;;
mail.ru-games;Mail.ru-games;
mail.ru-agent;Mail.Ru Agent;
mail.ru-agent-base;;
mail.ru-agent-file-transfer;;
mail.ru-webagent;Mail.Ru WebAgent;
mailchimp;MailChimp;
malwarebytes;Malwarebytes;
manet;;
manolito;Manolito;
mapi-over-http;;
maplestory;MapleStory;
market-q;Market-Q;
marklogic-xdbc;MarkLogic-XDBC;
mastodon;;
matlab;;
matrikon-tunneller;;
maxdb;;
maytech;Maytech quatrix;
maytech-share;Maytech quatrix-file sharing;
maytech-base;;
maytech-uploading;Maytech quatrix-upload;
maytech-downloading;Maytech quatrix-download;
mcafee;McAfee-update;
mcafee-endpoint-encryption;;
mcafee-epo-admin;McAfee ePolicy Orchestrator;
mcafee-move-av;;
mcafee-update;McAfee-update;
me2day;Me2Day;
meabox;;
mediafire;MediaFire;
mediamax;MediaMax;
mediawiki-editing;;
medium-im;;
meebo;Meebo;
meebo-base;;
meebo-file-transfer;;
meebo-repeater;Meebo;
meebome;MeeboMe;
meerkat;Meerkat;
meeting-maker;;
meetro;;
meetup;Meetup;
meetup-email;Meetup-email;
meetup-base;;
meetup-forum;Meetup-forum;
meevee;MeeVee;
mega;Mega;
megachat;MegaChat;
mega-base;;
megaproxy;Megaproxy;
megashare;Megashare;
megashares;Megashares.com;
megaupload;Megaupload;
megavideo;Megavideo;
meinvz;meinvz;
mekusharim;Mekusharim;
meldium;Meldium;
memcached;Memcached;
mendeley;Mendeley;
mendeley-base;;
mendeley-uploading;Mendeley-upload;
meraki-cloud-controller;Meraki Cloud Controller;
mercurial;;
mercurial-uploading;;
mercurial-base;;
merit-inp;;
meru-l3-ap-comm;;
meru-l3-ap-data;;
meru-l3-ap-discovery;;
messengerfx;MessengerFX;
meta4;;
metacafe;Metacafe;
metatrader;Metatrader;
mfe-nsp;;
mgcp;;
mgoon;mgoon;
mibbit;Mibbit;
micp;;
micros;;
microsoft-dynamics-crm;Microsoft Dynamics CRM;
mikogo;Mikogo;
millenium-ils;;
mimacs;;
minacs-verint-recording;;
minecraft;MineCraft;
minus;Minus;
miro;Miro;
misslee;MissLee Messenger;
mixi;Mixi;
mixi-base;;
mixi-posting;;
mlb.tv;MLB.tv;
mms;MMS Protocol;
mobile;;
mobile-me;MobileMe;
mobilehdr;;
mobility-xe;;
mocha-rdp;;
modbus;Modbus Protocol;
modbus-base;;
modbus-write-multiple-coils;;
modbus-write-file-record;;
modbus-read-write-register;;
modbus-write-single-coil;;
modbus-write-single-register;;
modbus-write-multiple-registers;;
modbus-read-input-registers;;
modbus-encapsulated-transport;;
modbus-read-coils;;
modbus-read-discrete-inputs;;
modbus-mask-write-register;;
modbus-read-fifo-queue;;
modbus-read-file-record;;
modbus-read-holding-registers;;
mogulus;Mogulus;
moinmoin-editing;moinmoin editing;
mongodb;MongoDB;
morningstar-posting;Morningstar-posting;
mosh;Mosh;
motleyfool-posting;;
mount;MOUNT Protocol;
move-networks;;
moxtra;Moxtra;
mozy;mozy;
mpeg-ts;MPEG.org;
mpls-in-ip;;
mqtt;;
ms-delve;;
ms-dpm;;
ms-ds-smb;;smb
ms-ds-smb-base;;
ms-ds-smbv1;;smb
ms-ds-smbv2;;smb
ms-ds-smbv3;;smb
ms-dtc;;
ms-exchange;;
ms-exchange-admin-center;;
ms-exchange-mrs;;
ms-firewall-storage;;
ms-frs;;
ms-groove;;
ms-hyper-v-vm-connect;Microsoft Hyper-V-connect;
ms-iis;;
ms-isa-fw-client;;
ms-kms;;
ms-lync;;
ms-lync-base;;
ms-lync-apps-sharing;;
ms-lync-content-sharing;;
ms-lync-audio;;
ms-lync-video;;
ms-lync-file-transfer;;
ms-netlogon;MS-Netlogon Protocol;
ms-ocs;;
ms-ocs-audio;;
ms-ocs-file-transfer;;
ms-ocs-video;;
ms-office365;Office365;
ms-powerbi;;
ms-office365-base;;
office-on-demand;;
ms-teams-editing;;
ms-teams-sharing;;
ms-teams-posting;;
ms-teams;;
ms-teams-downloading;;
ms-teams-uploading;;
outlook-web-online;Office365-Outlook-web;
ms-lync-online;;
ms-lync-online-apps-sharing;;
sharepoint-online-sharing;;
sharepoint-online-editing;;
sharepoint-online-uploading;;
sharepoint-online-downloading;;
sharepoint-online;SharePoint-online;
ms-lync-online-file-transfer;;
ms-onedrive;Microsoft OneDrive;
ms-onedrive-share;;
ms-onedrive-uploading;Microsoft OneDrive-upload;
ms-onedrive-base;;
ms-onedrive-downloading;;
ms-onenote;;
ms-product-activation;;
ms-rdp;;Remote_Desktop_Protocol
ms-scheduler;;
ms-scom;;
ms-service-controller;Microsoft Service Controller;
ms-sms;;
ms-spynet;;
ms-sql-analysis-service;Microsoft SQL Server Analysis Services;
ms-sstp;;
ms-store;;
ms-update;Windows Update;
ms-virtualserver;;
ms-visual-studio-tfs;;
ms-win-dns;;
ms-wins;MS-WINS;
ms-wmi;MS-WMI Protocol;
msdp;;
msn;;
msn-base;;
msn-video;;
msn-voice;;
msn-file-transfer;;
msn-money-posting;msn Money;
msn-toolbar;;
msn-webmessenger;MSN Web Messenger;
msn2go;MSN2Go;
msnshell;;
msrpc;MSRPC Exchange Services;
mssql-db;;
mssql-mon;;
mtconnect;MTConnect;
mtp;;
mult-ip;;
munin;Munin;
musical.ly;musical.ly;
mute;Mute;
mux;;
mydownloader;MyDownloader;
mygreenpc;MyGreenPC;
mymarkets;;
myspace;MySpace;
myspace-mail;MySpace Mail;
myspace-im;;
myspace-base;;
myspace-posting;MySpace-posting;
myspace-video;MySpace Video;
mysql;MySQL Community Server;
nagios;;
nakido-flag;Nakido Flag;
napster;;
narp;;
nasuni;;
nate-mail;NateOn-mail;
nate-video;Nate-video;
nateon-im;;
nateon-im-base;;
nateon-desktop-sharing;NateOn-desktop sharing;
nateon-audio-video;NateOn-audio video;
nateon-file-transfer;NateOn-file transfer;
naver-blog-posting;Naver Blog-posting;
naver-line;;
naver-mail;Naver Mail;
naver-ndrive;;
naver-streaming;Naver-streaming;
nbc-video;NBC-video;
ncp;;
ndmp;NDMP Protocol;
nefsis;Nefsis;
neokast;;
neonet;;
neptune;Neptune;
net.tcp;Net.TCP Protocol;
net2phone;;
netbackup;;
netbios-dg;;nbdatagram
netbios-ns;;nbname
netbios-ss;;nbsession,netbios-session
netblt;;
netbotz;NetBotz;
netease-mail;Netease Mail;
netease-webdisk;Netease Webdisk;
netease-webdisk-base;;
netease-webdisk-uploading;Netease Webdisk-upload;
netease-webdisk-downloading;Netease Webdisk-download;
netflix;Netflix;
netflix-base;;
netflix-streaming;Netflix-streaming;
netflow;NetFlow;
netfolder;NetFolder;
netload;Netload;
netlog;Netlog;
netmeeting;;
netop-on-demand;Netop Remote Control - OnDemand;
netop-remote-control;Netop Remote Control;
nets;;
netspoke;;
netsuite;Netsuite;
netsupport-manager;NetSupport Manager;
netvault-backup;;
netviewer;Netviewer;
netvmg-traceroute;;
netware-remote-console;;
new-relic;New Relic;
newton-mail;;
nextmedia-video;NEXTmedia-video;
nfl-streaming;;
nfs;NFS Protocol;
ngrok;Ngrok;
nice;;
niconico-douga;;
nim;;
nimbuzz;Nimbuzz;
nimsh;;
ning;Ning;
ning-mail;Ning-mail;
ning-apps;Ning-apps;
ning-base;;
ning-posting;Ning-posting;
nintendo-wfc;;
nntp;NNTP Protocol;
nokia-here-maps;;
nomachine;NoMachine;
nomadesk;NomaDesk;
norton-av-broadcast;;
norton-zone;Norton Zone;
noteworthy;Noteworthy;
noteworthy-admin;;
noteworthy-base;;
novell-filr;;
now-tv;;
now-tv-base;;
now-tv-streaming;;
nsfnet-igp;;
ntp;;ntp-tcp,ntp-udp
ntr-support;NTR ultimate support;
nvgre;;
nvp-ii;;
oasys-scada;;
ocsp;OCSP Protocol;
octopz;Octopz;
octoshape;Octoshape;
odnoklassniki;Odnoklassniki;
odnoklassniki-messaging;Odnoklassniki-messaging;
odnoklassniki-apps;Odnoklassniki-apps;
odnoklassniki-base;;
odrive;odrive;
office-live;;
office365-consumer-access;;
office365-enterprise-access;;
officehard;;
okta;okta;
okurin;Okurin;
omegle;Omegle;
omnidrive;Omnidrive;
onehub;Onehub;
onehub-base;;
onehub-uploading;;
onelogin;OneLogin;
onepagecrm;OnePageCRM;
onlive;OnLive;
ontv;ONtv;
oovoo;ooVoo;
ooyala;Ooyala;
opc;;
opc-da;;
open-vpn;OpenVPN;
open-webmail;Open Webmail;
opendoor;OpenDoor;
openft;OpenFT;
openmeetings;OpenMeetings;
openomy;Openomy;
opentext-enterprise-connect;;
opera-mini;;
opera-vpn;;
optimum-webmail;Optimum Webmail;
oracle;Oracle;
oracle-alp;;
oracle-bi;;
oracle-crm-ondemand;;
oracle-eloqua;;
oracle-essbase;;
oracle-forms;;
oracle-ipm;;
orb;Orb;
oridus-nettouch;;
origin;Origin;
orion-rhapsody;Rhapsody;
orkut;;
orsiso;;
osisoft-pi;OSIsoft PI;
ospf;;
ospfigp;;
ossec;OSSEC;
outblaze-mail;;
outlook-web;Microsoft Outlook-web;
ovation;;
ovo-logger;;
owncloud;ownCloud;
owncloud-editing;;
owncloud-sharing;;
owncloud-posting;;
owncloud-deleting;;
owncloud-downloading;;
owncloud-uploading;;
owncloud-base;;
p10;P10;
packetix-vpn;PacketiX VPN;
pagekite;PageKite;
pagerduty;PagerDuty;
paloalto-aperture;;
paloalto-autofocus;;
paloalto-directory-sync;;
paloalto-gp-mfa-notification;;
paloalto-logging-service;;
paloalto-traps;Palo Alto Traps;
paloalto-updates;;
paloalto-userid-agent;;
paloalto-wildfire-cloud;;
palringo;Palringo Rich Messaging;
paltalk;Paltalk;
paltalk-base;;
paltalk-superim;Paltalk SuperIM;
paltalk-file-transfer;Paltalk-file transfer;
paltalk-express;Paltalk Express;
pan-db-cloud;;
panda-update;PANDA Security-update;
pando;Pando;
pandora;Pandora;
pandora-tv;Pandora-TV;
panorama;Panorama;
panos-global-protect;;
panos-web-interface;Pan-OS Web Interface;
papercut;;
paradise-paintball;;
paran-mail;Paran Mail;
paran-u2;;
party-poker;Party Poker;
pastebin;Pastebin;
pastebin-posting;Pastebin-posting;
pastebin-base;;
path;Path;
pathview;PathView;
pbwiki-editing;;
pcanywhere;pcAnywhere;
pcanywhere-file-transfer;pcAnywhere-file transfer;
pcanywhere-base;;
pcanywhere-remote-control;pcAnywhere-remote control;
pcoip;PCoIP;
pcvisit;Pcvisit;
peercast;Peercast;
peerenabler;;
peerguardian;;
pentaho;Pentaho;
perfect-dark;Perfect Dark;
perforce;Perforce;
periscope;Periscope;
pgm;;
pharos;;
phonemypc;PhoneMyPc;
photobucket;Photobucket;
phproxy;;
phpwiki-editing;;
phweet;Phweet;
pichat;Pichat;
pim;;
ping;;icmp-proto
ping-tunnel;;
pingfu;PingFu Iris;
pingone;PingOne;
pinterest;Pinterest;
pinterest-base;;
pinterest-posting;Pinterest-posting;
pinterest-messaging;Pinterest-messaging;
pipe;;
pitchengine;PitchEngine;
pivotaltracker;Pivotal Tracker;
pivotaltracker-base;;
pivotaltracker-uploading;Pivotal Tracker-upload;
pivotaltracker-downloading;Pivotal Tracker-download;
plaxo;Plaxo;
playstation-network;Playstation Network;
playstation-now;;
plex;Plex;
plugoo-widget;;
pluralsight;Pluralsight;
plurk;Plurk;
pna;;
pnni;;
pnrp;;
pocket-controller;Pocket Controller;
pocketcloud;PocketCloud-Remote Desktop;
poco;;
podio;Podio;
pogo;Pogo;
poker-stars;PokerStars;
pop3;;pop-3
popcorn-time;Popcorn Time;
popo-im;POPO;
portmapper;Portmap;
postgres;PostgreSQL Protocol;
postscript-pdl;;
powerbroker;PowerBroker;
pownce;Pownce;
powow;;
powow-base;;
powow-file-transfer;;
pp-accelerator;PP-accelerator;
ppi-media;;
pplive;PPlive;
ppstream;PPStream;
pptp;PPTP Protocol;
prezi;Prezi;
prezi-base;;
prezi-posting;Prezi-posting;
prezi-uploading;;
print-over-ms-smb;;
private-enc;;
privax;privax;
prm;;
productplan;;
profinet;;
progress-openedge;OpenEdge;
projectplace;Projectplace;
proofhq;System.Object[];
proofhub;ProofHub;
proofhub-base;;
proofhub-file-transfer;ProofHub-file transfer;
propalms;;
proxeasy;ProxEasy;
proxono;Proxono;
proxylocal;ProxyLocal;
psiphon;Psiphon;
ptp;;
pubnub;PubNub;
puffin;;
pullbbang-video;Pullbbang-video;
pup;;
purple-p3;Purple-P3;
pushbullet;Pushbullet;
putlocker;PutLocker;
pvp;;
python-easy-install;Easy-Install;
qdown;Qdown;
qianlong;Qianlong;
qik;Qik;
qik-sharing;Qik-sharing;
qik-posting;Qik-posting;
qik-video-chatting;;
qik-base;;
qik-uploading;;
qik-viewing;;
qliksense-cloud;;
qliksense-cloud-base;;
qliksense-cloud-editing;;
qliksense-cloud-sharing;;
qliksense-cloud-uploading;;
qliksense-cloud-downloading;;
qlikview;QlikView;
qnx;;
qq;;
qq-base;;
qq-audio-video;;
qq-file-transfer;;
qq-rdp;;
qq-download;QQ Download;
qq-games;QQ Games;
qq-mail;QQ Mail;
qqlive;QQ Live;
qqmusic;QQ Music;
quake;Quake3 Protocol;
quantum-edge-tms;;
quic;Quic Protocol;
quickoffice-pro;Quickoffice;
quip;Quip;
quip-base;;
quip-editing;;
quip-posting;;
quip-sharing;;
quip-downloading;;
quip-uploading;;
quora;Quora;
quora-base;;
quora-posting;;
quora-uploading;;
qvod;Qvod Player;
r-exec;REXEC Protocol;
r-goose;;
r-services;;
rabbit;Rabbit;
rabbitmq;RabbitMQ;
radius;;radius, radius-accounting, new-radius, new-radius-accounting
radius-dynamic-authorization;;
radiusim;;
radmin;Radmin;
ragingbull-posting;Raging Bull-posting;
rally-software;;
rally-software-base;;
rally-software-editing;;
rally-software-sharing;;
rally-software-downloading;;
rally-software-uploading;;
rapidshare;Rapidshare;
razor;Razor;
rdio;Rdio;
rdmplus;RDM Plus;
rdp2tcp;rdp2tcp;
rdt;RDT;
readytalk;ReadyTalk;
readytalk-chat;;
readytalk-desktop-sharing;;
readytalk-base;;
realtimeboard;RealtimeBoard;
realtunnel;;
rebtel;Rebtel;
redbox-instant;Redbox-Instant;
reddit;Reddit;
reddit-base;;
reddit-posting;Reddit-posting;
rediffbol;Rediff Bol;
rediffbol-audio-video;;
rediffbol-base;;
rediffbol-file-transfer;Rediff Bol-file transfer;
redis;Redis;
reduh;ReDuh;
regnum;Regnum Online;
reliable-data;;
relp;;
remobo;Remobo;
remotecall;RemoteCall;
remoteview;RemoteView;
renren;Renren;
renren-mail;Renren-mail;
renren-chat;Renren-chat;
renren-apps;Renren-applications;
renren-base;;
renren-posting;Renren-posting;
renren-music;Renren-music;
renren-im;Renren IM;
res-automation-manager;RES Automation Manager;
reserved;;
retroshare;RetroShare;
reuters-data-service;;
rezgo;Rezgo;
rhapsody;Rhapsody;
rift;Rift;
rightscale;RightScale;
ringcentral;;
rip;;
ripng;RIPng;
riverbed-rios;;
riverbed-steelhead-mobile;;
riverbed-steelhead-saas;;
rlogin;Rlogin;
rmcp;;
rmi-iiop;;
roboform;RoboForm;
roc;;
rockwell-factorytalk;;
rohc;;
roundcube;Roundcube;
rover;Rover;
rpc;DCE-RPC Protocol;
rpc-over-http;RPC over HTTP;
rping;;
rsa-securid-mfa-api;;
rsa-security-analytics;;
rsh;rsh;
rss;RSS;
rstatd;;
rsvp;;
rsvp-e2e-ignore;;
rsync;rsync;
rtcm-sc104;;
rtcp;RTCP Protocol;
rtmfp;RTMFP Protocol;
rtmp;RTMP Protocol;
rtmpe;RTMPE Protocol;
rtmpt;RTMPT Protocol;
rtp;;rtp
rtp-audio;;
rtp-base;;
rtp-video;;
rtsp;;rtsp
ruckus;;
runescape;RuneScape;
rusers;;
rvd;;
rwho;RWHO;
rypple;Rypple;
s1ap;;
saasu;Saasu;
saba-centra-meeting;Saba Centra;
sakai;Sakai;
salesforce;Salesforce;
salesforce-editing;;
salesforce-sharing;;
salesforce-posting;;
salesforce-base;;
salesforce-uploading;;
salesforce-downloading;;
salesforce-chatter;Salesforce-Chatter;
salesforce-desk;;
saltstack;;
samanage;Samanage;
samsung-updates;Samsung-updates;
sap;SAP;
sap-hana;;
sap-jam;SAP-jam;
sap-jam-base;;
sap-jam-uploading;SAP-jam-upload;
sat-expak;;
sat-mon;;
saxopress;;
sbs-netv;SBS-NeTV;
scc-sp;;
sccp;;
scep;SCEP Protocol;
schmedley;Schmedley;
scotty;Scotty;
scps;;
screencast;Screencast.com;
screencast-base;;
screencast-uploading;Screencast.com-upload;
screenconnect;ScreenConnect;
scribd;Scribd;
scribd-uploading;;
scribd-base;;
sctp;;
sdrp;;
seamless-phenom;;
second-life;Second Life;
second-life-voice-chat;Second Life-voice chat;
second-life-base;;
secret;Secret;
secure-access;Secure Access;
secure-access-sync;;
secure-data-space;;
secure-data-space-base;;
secure-data-space-posting;;
secure-data-space-editing;;
secure-data-space-sharing;;
secure-data-space-uploading;;
secure-data-space-downloading;;
secure-vmtp;;
securemeeting;SecureMeeting;
secureserver-mail;;
securid;SecurID;
security-kiss;;
seeqpod;;
seesmic;Seesmic;
send-anywhere;Send Anywhere;
send-to-phone;;
sendgrid;SendGrid;
sendoid;Sendoid;
sendspace;Sendspace;
sendthisfile;SendThisFile;
sendthisfile-base;;
sendthisfile-uploading;SendThisFile-upload;
sentillion;;
serial-over-lan;;
service-now;;
service-now-posting;;
service-now-base;;
service-now-uploading;;
service-now-downloading;;
service-now-editing;;
service-now-sharing;;
seven-email;;
sfax;Sfax;
sflow;sFlow;
share-p2p;;
sharebase.to;;
sharebox;Sharebox;
sharefile;ShareFile;
sharefile-editing;ShareFile-editing;
sharefile-base;;
sharefile-uploading;;
sharefile-downloading;;
sharepoint;SharePoint;
sharepoint-blog-posting;SharePoint-blog-posting;
sharepoint-documents;SharePoint-documents;
sharepoint-calendar;SharePoint-calendar;
sharepoint-admin;SharePoint-admin;
sharepoint-base;;
sharepoint-wiki;SharePoint-wiki;
sharevault;Sharevault;
sharevault-base;;
sharevault-file-transfer;;
shavlik-netchk;;
shim6;;
shodan;Shodan;
shoebox;Shoebox;
shoutcast;SHOUTcast;
showmax;;
showmax-base;;
showmax-streaming;;
showmypc;ShowMyPC;
showtime;Showtime;
shutterfly;Shutterfly;
siebel-crm;Siebel CRM;
siemens-factorylink;;
siemens-s7;;
siemens-s7-base;;
siemens-s7-read;;
siemens-s7-stop;;
siemens-s7-start;;
siemens-s7-setup-communication;;
siemens-s7-check-password-set;;
siemens-s7-status-controller;;
sightspeed;SightSpeed;
signal;Signal;
signiant;Signiant;
signiant-base;;
signiant-uploading;;
signnow;Signnow;
silent-circle;Silent Circle;
silverlake-axis-sibs;;
silverlight;Silverlight;
simple-im;Simple Chat;
simplehelp;SimpleHelp;
simplenote;Simplenote;
simplify;;
simplite-msn;Simplite-msn;
sina-uc;Sina UC;
sina-uc-base;;
sina-uc-audio-video;;
sina-uc-file-transfer;;
sina-uc-web-disk;;
sina-uc-remote-control;;
sina-webuc;Sina Web UC;
sina-weibo;Sina-Weibo;
sina-weibo-posting;Sina-Weibo-posting;
sina-weibo-base;;
sip;;sip,sip-tcp
sip-application;;
sip-message;SIP-messaging;
sip-trunk;;
sip2-for-ils;;
sipcli;SipCLI;
sipviaheader-nat;;
siteminder;;
skip;;
sky-player;;
skydrive;;
skydrive-base;;
skydrive-uploading;;
skydur;Skydur;
skype;Skype;
skype-probe;;
skytap;Skytap;
slack;Slack;
slack-call;;
slack-base;;
slack-sharing;;
slack-editing;;
slack-downloading;;
slack-uploading;;
slack-file-transfer;;
slacker;slacker;
sliderocket;SlideRocket;
slideshare;SlideShare;
slideshare-uploading;SlideShare-upload;
slideshare-base;;
sling;;
slp;SLP;
sm;;
smart-bridgit;Smart Bridgit;
smartsheet;Smartsheet;
smartsheet-base;;
smartsheet-uploading;Smartsheet-upload;
smartsheet-sharing;;
smartsheet-editing;;
smartsheet-downloading;;
smilebox;Smilebox;
smp;;
smpp;;
smtp;;smtp
smugmug;Smugmug;
snapchat;Snapchat;
snapfish;Snapfish;
snapmirror;SnapMirror;
snmp;;snmp
snmpv3;;snmp
snmp-base;;snmp
snmpv1;;snmp
snmpv2;;snmp
snmp-trap;;snmp-trap
snp;;
snpp;SNPP Protocol;
soap;;
socialcam;Socialcam;
socialtext-editing;Socialtext;
socialtv;;
socks;;
socks2http;Socks2HTTP;
softros-messenger;Softros LAN Messenger;
softros-messenger-base;;
softros-messenger-file-transfer;Softros LAN Messenger-file transfer;
sohu-video;Sohu-video;
solarwinds;SolarWinds;
solarwinds-sam;SolarWinds-sam;
solarwinds-npm;SolarWinds-npm;
solarwinds-base;;
solidfiles;Solidfiles;
solvequotes;;
sopcast;Sopcast;
sophos-live-protection;Sophos-live protection;
sophos-rms;Sophos-Remote Management System;
sophos-update;Sophos-update;
soribada;Soribada;
sosbackup;SOS Online Backup;
soti-mobicontrol;;
soulseek;SoulSeek;
soundcloud;SoundCloud;
soundcloud-base;;
soundcloud-uploading;;
source-engine;;
sourcefire-fireamp;;
sourceforge;SourceForge;
sourceforge-uploading;;
sourceforge-downloading;;
sourceforge-base;;
sourceforge-file-transfer;;
spamfighter;SPAMfighter;
spanning;;
spark;Spark;
spark-im;;
spark-im-base;;
spark-im-file-transfer;;
spector360;;
speedtest;;
speedvpn;;
spideroak;SpiderOak;
spirent;;
splashtop-remote;Splashtop Remote;
splunk;Splunk;
spotflux;spotflux;
spotify;Spotify;
spotnet;Spotnet;
springcm;SpringCM;
sprite-rpc;;
sproutsocial;SproutSocial;
sps;;
square;;
squirrelmail;Squirrel Mail;
srp;;
srvdir;srvdir;
ss7-cap;;
ss7-inap;;
ss7-map;;
ss7-map-hlr-callingparty;;
ss7-map-vlr-callingparty;;
ss7-map-msc-callingparty;;
ss7-map-eir-callingparty;;
ss7-map-gsmscf-callingparty;;
ss7-map-gmlc-callingparty;;
ss7-map-siwf-callingparty;;
ss7-map-sgsn-callingparty;;
ss7-map-ggsn-callingparty;;
ss7-map-css-callingparty;;
ss7-sccp;;
sscopmce;;
ssdp;SSDP;
ssh;;ssh_version_2
ssh-tunnel;;
ssl;;ssl_v3
st;;
stagevu;stagevu;
starcraft;StarCraft II;
startmail;Startmail;
starz;Starz;
stealthnet;StealthNet;
steam;Steam;
steekr;steekR;
steganos-vpn;Steganos Internet Anonym VPN;
stickam;Stickam;
stockstar;StockStar;
stocktwits;Stocktwits;
stocktwits-base;;
stocktwits-posting;Stocktwits-posting;
storage.to;STORAGE.to;
storify;Storify;
storify-posting;Storify-posting;
storify-base;;
storix;Storix;
stp;;
stratum-mining-protocol;Stratum mining protocol;
streamaudio;Streamaudio;
streambox;Streambox;
streampix;;
streetchat;Streetchat;
strongvpn;StrongVPN;
studivz;StudiVZ;
stumbleupon;StumbleUpon;
stun;STUN Protocol;
sua;;
subspace;;
subversion;Subversion;
subversion-base;;
subversion-uploading;Subversion-upload;
successfactors;;
sugar-crm;SugarCRM;
sugarsync;Sugarsync;
suitelink;;
sumo-logic;Sumologic;
sun-nd;;
supremo;Supremo;
suresome;Suresome;
surrogafier;Surrogafier;
surveymonkey;Surveymonkey;
surveymonkey-editing;;
surveymonkey-sharing;;
surveymonkey-base;;
surveymonkey-downloading;;
surveymonkey-uploading;;
svtplay;SVT Play;
swapper;Swappernet;
sway;Sway;
swiftmq;;
swipe;;
swyx-cds;;
sybase;;
symantec-av-update;Symantec-update;
symantec-endpoint-manager;Symantec Endpoint Protection Manager;
symantec-syst-center;;
symphony;;
syncplicity;Syncplicity;
synergy;Synergy2;
synology-cloudstation;;
synology-dsm;;
syslog;;syslog
t-online-mail;T-online Mail;
t.120;;T.120
t.38;;
t3;;
tableau;Tableau;
tableau-editing;;
tableau-downloading;;
tableau-base;;
tableau-uploading;;
tableau-public;Tableau Public;
tacacs;TACACS Protocol;
tacacs-plus;;
tagoo;Tagoo;
taku-file-bin;;
tales-runner;Tales Runner;
talkbox;TalkBox;
tango;Tango;
tanium;Tanium;
tcf;;
tcp-over-dns;TCP-over-DNS;
teachertube;TeacherTube;
teamcenter;;
teamdrive;TeamDrive;
teamdrive-base;;
teamdrive-uploading;TeamDrive-upload;
teamsound;;
teamspeak;TeamSpeak;
teamup-calendar;Teamup Calendar;
teamup-calendar-base;;
teamup-calendar-uploading;Teamup Calendar-upload;
teamviewer;TeamViewer;
teamviewer-sharing;;
teamviewer-remote-control;;
teamviewer-base;;
teamviewer-web;;
techinline;;
telegram;Telegram;
telenet-webmail;Telenet-WebMail;
telex;Telex;
telnet;;telnet
temenos-t24;;
tenable-nessus;;
tenable-security-center;;
teradata;;
teredo;;
terraria;Terraria;
tesla;;
tesla-car-app;Tesla Car App;
textnow;;
tftp;;tftp
thecircle;;
thinkfree;;
thousandeyes;ThousandEyes;
threema;Threema;
thwapr;Thwapr;
thwapr-sharing;Thwapr-sharing;
thwapr-base;;
thwapr-uploading;;
tibbr;Tibbr;
tidal;TIDAL;
tidaltv;TidalTV;
tigertext;Tigertext;
tikiwiki-editing;TikiWiki-editing;
timbuktu;;
time;;
tinder;Tinder;
tinyvpn;TinyVPN;
tiscali-mail;Tiscali-mail;
tistory-blog-posting;Tistory;
titanize;;
tivoli-network-monitoring;;
tivoli-storage-manager;;
tlsp;;
tokbox;Tokbox;
tonghuashun;Tonghuashun;
tor;Tor;
tor2web;Tor2Web;
torch-browser;;
torch-browser-base;;
torch-browser-music;Torch Music;
torch-browser-games;Torch Games;
toshiba-tec-pcl;;
totodisk;;
totoexpress;;
touchdown;;
tp-plus-plus;;
traceroute;;
track-it;;
tradestation;;
transferbigfiles;TransferBigFiles.com;
traps-management-service;;
trello;Trello;
trello-editing;;
trello-base;;
trello-uploading;Trello-upload;
trello-downloading;;
trendmicro;Trend Micro Active Update;
trendmicro-earthagent;;
trendmicro-officescan;;
trendmicro-safesync;;
tresorit;Tresorit;
trillian;Trillian;
trinoo;;
trippy;Trippy;
trueshare;Trueshare;
trunk-1;;
trunk-2;;
tsp;;
tsunami;Tsunami-UDP;
ttp;;
tubes;;
tudou;Tudou;
tudou-speedup;Tudou-speedup;
tuenti;Tuenti;
tumblr;Tumblr;
tumblr-base;;
tumblr-posting;Tumblr-posting;
tunein;TuneIn;
tunnelbear;TunnelBear;
turboshare;;
turboupload;Turboupload.com;
tv4play;TV4 Play;
tvants;TvAnts;
tvb-video;Television Broadcasts Limited;
tvtonic;;
tvu;TVUPlayer;
twig;;
twilio;Twilio;
twitch;Twitch.tv-video play;
twitpic;Twitpic;
twitter;Twitter;
twitter-base;;
twitter-posting;Twitter-posting;
twtkr;Twtkr;
txp;;
uaudp;;
uberconference;UberConference;
ubisoft-uplay;Ubisoft Uplay;
ubuntu-one;;
uc-yun;UC Yun;
uc-yun-base;;
uc-yun-uploading;;
uc-yun-downloading;;
udplite;;
ultrahook;UltraHook;
ultrasurf;Ultrasurf;
unassigned-ip-prot;;
uniflow;;
union-procedure-call;;
unistim;UNIStim;
unisys-stealth;;
unitrends;Unitrends;
unreal;;
unyte;;
uploading;Uploading.com;
uploadmachine;Uploadmachine;
uploadmirrors;;
upnp;UPnP Forum;
usejump;Usejump;
usermin;;
userplane;UserPlane WebMessenger;
ustream;Ustream;
uti;;
uucp;;
uusee;UUSee;
vagaa;Vagaa;
vagrant;Vagrant;
vakaka;Vakaka;
vbulletin-posting;vBulletin-posting;
veeam;Veeam;
veetle;Veetle;
ventrilo;Ventrilo;
veohtv;Veoh-video upload;
verizon-network-extender;;
verizon-wsync;Verizon Cloud;
vertica;;
vevo;Vevo;
via3;VIA3;
viadeo;Viadeo;
viber;Viber;
viber-base;;
viber-voice;Viber-voice call;
viber-uploading;;
viber-downloading;;
viddy;Viddy;
vidsoft;;
vidyo;Vidyo;
vimeo;Vimeo;
vimeo-uploading;;
vimeo-base;;
vine;Vine;
vine-base;;
vine-posting;Vine-posting;
vines;;
vipnet-vpn;ViPNet VPN;
virustotal;Virustotal;
virustotal-base;;
virustotal-web-uploading;;
virustotal-api-uploading;;
visa;;
vkontakte;Vkontakte;
vkontakte-mail;;
vkontakte-chat;Vkontakte-chat;
vkontakte-base;;
vmtp;;
vmware;VMware;
vmware-view;;
vmware-vmotion;;
vmware-vsphere-web-client;;
vnc;VNC;
vnc-chat;VNC-chat;
vnc-clipboard;VNC-clipboard;
vnc-encrypted;VNC-encrypted;
vnc-print;VNC-printing;
vnc-filetransfer;VNC-file transfer;
vnc-base;;
vnc-http;VNC-http;
vnn;VNN;
voddler;Voddler;
vpnmaster;VPN Master;
vqp;;
vrrp;;
vsee;VSee;
vtun;Vtun;
vtunnel;VTunnel;
vudu;Vudu;
vxlan;VXLAN;
vyew;Vyew;
vyprvpn;;
vzochat;VZOchat;
wallcooler-vpn;WallCooler VPN;
war-rock;War Rock;
war2glory;WAR2 Glory;
warcraft;Warcraft III;
warez-p2p;Warez;
watch-abc;;
watchdox;Watchdox;
watchdox-base;;
watchdox-editing;;
watchdox-sharing;;
watchdox-downloading;;
watchdox-uploading;;
waze;Waze;
wb-expak;;
wb-mon;;
wccp;;
we-dancing-online;We Dancing Online;
weather-desktop;;
web-browsing;Web Browsing;
web-crawler;;
web-de-mail;WEB.DE-mail;
webaim;;
webalo;Webalo;
webconnect;;
webdav;WebDAV Protocol;
webex;Cisco WebEx Meetings;
webex-chat;Cisco WebEx Meetings-chat;
webex-whiteboard;Cisco WebEx Meetings-whiteboard;
webex-desktop-sharing;Cisco WebEx Meetings-desktop sharing;
webex-base;Webex Webinars and Online Events;
webex-uploading;Cisco WebEx Meetings-file transfer;
webex-downloading;Cisco WebEx Meetings-file transfer;
webex-file-sharing;Cisco WebEx Meetings-file sharing;
webex-connect;;
webex-weboffice;;
webhard;Webhard;
webot;;
webqq;Web QQ;
webrdp;webRDP;
webroot-secureanywhere;Webroot SecureAnywhere AntiVirus;
websense;Websense-update;
webshots;Webshots;
websocket;WebSocket Protocol;
wechat;WeChat;
wechat-base;;
wechat-audio-video;WeChat-audio video chat;
wechat-file-transfer;;
wechat-video;;
weiyun;Weiyun;
weiyun-file-transfer;Weiyun-file transfer;
weiyun-base;;
wesp;;
wetpaint-editing;;
wetransfer;WeTransfer;
whatsapp;WhatsApp Messenger;
whatsapp-web;;
whatsapp-base;;
whatsapp-voice;;
whatsapp-file-transfer;WhatsApp Messenger-file transfer;
whisper;Whisper;
whois;WHOIS;
wickr;Wickr;
wiiconnect24;;
wikidot-editing;Wikidot-editing;
wikispaces-editing;WikiSpaces-editing;
wildmetrix;WildMetrix;
winamax;Winamax;
winamp-remote;Winamp Remote;
winbox;Winbox;
windows-azure;Windows Azure Cloud Services;
windows-azure-base;;
windows-azure-uploading;;
windows-azure-service-updates;;
windows-defender-atp;;
windows-defender-atp-portal;;
windows-defender-atp-base;;
windows-defender-atp-endpoint;;
windows-push-notifications;;
windows-remote-management;Windows Remote Management - WinRm;
wink;;
winmx;WinMX;
winny;Winny;
wins;;
wire;Wire;
wiredrive;Wiredrive;
wixi;Wixi;
wlccp;;
wolfenstein;;
woofiles;Woofiles;
woome;WooMe;
wordfast;Wordfast;
workday;Workday;
workday-base;;
workday-editing;;
workday-downloading;;
workday-uploading;;
worldofwarcraft;World of Warcraft;
wrike;Wrike;
writeboard;Writeboard;
wsn;;
wuala;Wuala;
wufoo;Wufoo;
wwe-network;;
x-font-server;X Font Server;
x.400;X.400;
x1-mobile;;
x11;;
xbox-live;;
xdmcp;;
xdrive;Xdrive;
xero;Xero;
xfinity-tv;;
xfire;Xfire;
xing;XING;
xm-radio;Sirius XM Radio;
xnet;;
xns-idp;;
xobni;Xobni;
xtp;;
xunlei;Xunlei;
xunlei-kankan;Xunlei Kankan;
xware-xtrm;Xware-xTRM;
yahoo-blog-posting;;
yahoo-box;Yahoo! box;
yahoo-calendar;Yahoo! Calendar;
yahoo-douga;Yahoo! Douga;
yahoo-finance-posting;Yahoo! Finance-posting;
yahoo-im;Yahoo! Messenger;
yahoo-im-base;;
yahoo-webcam;;
yahoo-voice;;
yahoo-file-transfer;;
yahoo-mail;Yahoo! Mail;
yahoo-notepad;Yahoo! Notepad;
yahoo-toolbar;Yahoo! Toolbar;
yahoo-web-analytics;Yahoo Analytics;
yahoo-webmessenger;;
yammer;Yammer;
yammer-editing;;
yammer-sharing;;
yammer-uploading;;
yammer-downloading;;
yammer-base;;
yandex-disk;Yandex-disk;
yandex-mail;Yandex Mail;
yandex-maps;Yandex-maps;
yantra;;
yik-yak;;
yodlee;;
yoics;Yoics;
yoomba;;
yoono;;
yosemite-backup;Yosemite Server Backup;
youku;Youku;
youku-uploading;;
youku-base;;
your-freedom;Your Freedom;
yourfilehost;Yourfilehost;
yourminis;;
youseemore;YouSeeMore;
yousendit;;
yousendit-base;;
yousendit-uploading;;
youtube;YouTube;
youtube-posting;YouTube-posting;
youtube-tv;;
youtube-tv-streaming;;
youtube-base;;
youtube-safety-mode;;
youtube-uploading;;
youtube-streaming;;
ypserv;;
yugma;Yugma;
yum;yum;
yunpan;;
yunpan360;360Yunpan;
yunpan360-file-transfer;;
yunpan360-base;;
yuuguu;Yuuguu;
yy-voice;YY Voice-games;
yy-voice-base;;
yy-voice-file-transfer;YY Voice-file transfer;
yy-voice-games;YY Voice-games;
zabbix;Zabbix;
zalo;Zalo;
zalo-base;;
zalo-audio-video;;
zamzar;ZAMZAR;
zango;;
zas-communicator;;
zbigz;Zbigz;
zello;Zello;
zelune;Zelune;
zenbe;Zenbe Mail;
zendesk;Zendesk;
zendesk-editing;;
zendesk-uploading;;
zendesk-downloading;;
zendesk-base;;
zenefits;Zenefits;
zenefits-base;;
zenefits-editing;;
zenefits-uploading;;
zenefits-downloading;;
zenmate;ZenMate;
zettahost;ZettaHost.tv;
zettahost-uploading;ZettaHost.tv-upload;
zettahost-base;;
zimbra;Zimbra Collaboration;
zippyshare;Zippyshare;
zmaap;;
zoho-crm;Zoho CRM;
zoho-db;;
zoho-im;ZOHO Chat;
zoho-mail;Zoho Mail;
zoho-meeting;Zoho Meeting;
zoho-notebook;Zoho Notebook;
zoho-people;Zoho People;
zoho-planner;Zoho Planner;
zoho-share;Zoho Share;
zoho-sheet;Zoho Sheet;
zoho-show;Zoho Show;
zoho-wiki;Zoho Wiki;
zoho-writer;Zoho Writer;
zoom;Zoom;
zpl;;
zshare;zSHARE;
zumodrive;ZumoDrive;
zwiki-editing;;
zynga-games;Zynga Games;
unknown-tcp;Unknown Traffic;
unknown-udp;Unknown Traffic;